Date,Euro,GBP,JPY,CNY,MSCI,Natural_Gas,Brent_Oil,Silver,Gold,GSCI_Precious_Metal,CAC40,DAX,Dow_Jones,FTSE_100,FTSE_MIB,Nikkei_225,SHCOMP,BTC,ETH,BNB,SOL,XRP,DOGE,Euro_expected_return,Euro_abnormal_return,Euro_CAR,GBP_expected_return,GBP_abnormal_return,GBP_CAR,JPY_expected_return,JPY_abnormal_return,JPY_CAR,CNY_expected_return,CNY_abnormal_return,CNY_CAR,Natural_Gas_expected_return,Natural_Gas_abnormal_return,Natural_Gas_CAR,Brent_Oil_expected_return,Brent_Oil_abnormal_return,Brent_Oil_CAR,Silver_expected_return,Silver_abnormal_return,Silver_CAR,Gold_expected_return,Gold_abnormal_return,Gold_CAR,GSCI_Precious_Metal_expected_return,GSCI_Precious_Metal_abnormal_return,GSCI_Precious_Metal_CAR,CAC40_expected_return,CAC40_abnormal_return,CAC40_CAR,DAX_expected_return,DAX_abnormal_return,DAX_CAR,Dow_Jones_expected_return,Dow_Jones_abnormal_return,Dow_Jones_CAR,FTSE_100_expected_return,FTSE_100_abnormal_return,FTSE_100_CAR,FTSE_MIB_expected_return,FTSE_MIB_abnormal_return,FTSE_MIB_CAR,Nikkei_225_expected_return,Nikkei_225_abnormal_return,Nikkei_225_CAR,SHCOMP_expected_return,SHCOMP_abnormal_return,SHCOMP_CAR,BTC_expected_return,BTC_abnormal_return,BTC_CAR,ETH_expected_return,ETH_abnormal_return,ETH_CAR,BNB_expected_return,BNB_abnormal_return,BNB_CAR,SOL_expected_return,SOL_abnormal_return,SOL_CAR,XRP_expected_return,XRP_abnormal_return,XRP_CAR,DOGE_expected_return,DOGE_abnormal_return,DOGE_CAR,Aggregate_AR,Aggregate_CAR,CAR_days,Euro_AR_t_stat,Euro_AR_p_value,Euro_CAR_t_stat,Euro_CAR_p_value,GBP_AR_t_stat,GBP_AR_p_value,GBP_CAR_t_stat,GBP_CAR_p_value,JPY_AR_t_stat,JPY_AR_p_value,JPY_CAR_t_stat,JPY_CAR_p_value,CNY_AR_t_stat,CNY_AR_p_value,CNY_CAR_t_stat,CNY_CAR_p_value,Natural_Gas_AR_t_stat,Natural_Gas_AR_p_value,Natural_Gas_CAR_t_stat,Natural_Gas_CAR_p_value,Brent_Oil_AR_t_stat,Brent_Oil_AR_p_value,Brent_Oil_CAR_t_stat,Brent_Oil_CAR_p_value,Silver_AR_t_stat,Silver_AR_p_value,Silver_CAR_t_stat,Silver_CAR_p_value,Gold_AR_t_stat,Gold_AR_p_value,Gold_CAR_t_stat,Gold_CAR_p_value,GSCI_Precious_Metal_AR_t_stat,GSCI_Precious_Metal_AR_p_value,GSCI_Precious_Metal_CAR_t_stat,GSCI_Precious_Metal_CAR_p_value,CAC40_AR_t_stat,CAC40_AR_p_value,CAC40_CAR_t_stat,CAC40_CAR_p_value,DAX_AR_t_stat,DAX_AR_p_value,DAX_CAR_t_stat,DAX_CAR_p_value,Dow_Jones_AR_t_stat,Dow_Jones_AR_p_value,Dow_Jones_CAR_t_stat,Dow_Jones_CAR_p_value,FTSE_100_AR_t_stat,FTSE_100_AR_p_value,FTSE_100_CAR_t_stat,FTSE_100_CAR_p_value,FTSE_MIB_AR_t_stat,FTSE_MIB_AR_p_value,FTSE_MIB_CAR_t_stat,FTSE_MIB_CAR_p_value,Nikkei_225_AR_t_stat,Nikkei_225_AR_p_value,Nikkei_225_CAR_t_stat,Nikkei_225_CAR_p_value,SHCOMP_AR_t_stat,SHCOMP_AR_p_value,SHCOMP_CAR_t_stat,SHCOMP_CAR_p_value,BTC_AR_t_stat,BTC_AR_p_value,BTC_CAR_t_stat,BTC_CAR_p_value,ETH_AR_t_stat,ETH_AR_p_value,ETH_CAR_t_stat,ETH_CAR_p_value,BNB_AR_t_stat,BNB_AR_p_value,BNB_CAR_t_stat,BNB_CAR_p_value,SOL_AR_t_stat,SOL_AR_p_value,SOL_CAR_t_stat,SOL_CAR_p_value,XRP_AR_t_stat,XRP_AR_p_value,XRP_CAR_t_stat,XRP_CAR_p_value,DOGE_AR_t_stat,DOGE_AR_p_value,DOGE_CAR_t_stat,DOGE_CAR_p_value,Aggregate_AR_t,Aggregate_AR_p,Aggregate_CAR_t,Aggregate_CAR_p
2023-04-14,0.673952641,0.918096158,1.034977714,0.01892919,-0.12,5.33,0.26,0.26,0.44,-1.89,0.52,0.5,-0.42,0.36,0.89,1.2,0.6,0.549602808,4.850008713,1.24987689,-2.73,2.667691123,0.21,0.10917261984379067,0.5647800211562093,,0.07387959136509026,0.8442165666349097,,0.14672162700083158,0.8882560869991685,,0.09912163784639555,-0.08019244784639555,,0.17830681955722116,5.151693180442779,,-0.5139025506901653,0.7739025506901653,,-0.5139025506901653,0.7739025506901653,,-0.5545835591784328,0.9945835591784329,,-0.1370998331816006,-1.7529001668183992,,-0.15967820362369567,0.6796782036236957,,-0.03075962889484126,0.5307596288948413,,-0.2066804717224395,-0.21331952827756048,,-0.14890926026301532,0.5089092602630153,,-0.21134796634162525,1.1013479663416252,,0.270913922758345,0.9290860772416549,,-0.152737505722871,0.752737505722871,,-0.43154633135955967,0.9811491393595597,,-0.3307408981557307,5.180749611155731,,-0.21405102861319195,1.463927918613192,,-0.13169433817299644,-2.5983056618270037,,-0.3688548020399577,3.036545925039958,,-0.30654949033558393,0.516549490335584,,0.9558207926188274,,,,,,,,,,,,,,,,,,,,,,,,,,,,,,,,,,,,,,,,,,,,,,,,,,,,,,,,,,,,,,,,,,,,,,,,,,,,,,,,,,,,,,,,,,,,,,
2023-04-17,0.595510765,0.469293632,0.575743981,0.139758335,0.05,7.62,-1.8,-1.8,-2.05,-0.54,-0.28,-0.11,0.3,0.1,-0.62,0.07,1.42,-3.313057343,-1.363813359,3.291151554,1.03,-2.558194448,2.8,0.09885398042754026,0.49665678457245976,,0.040262470259735846,0.4290311617402642,,0.21464147827238725,0.3611025027276128,,0.08727794051738369,0.05248039448261632,,0.4661472101811372,7.153852789818863,,-0.2697671383540236,-1.5302328616459764,,-0.2697671383540236,-1.5302328616459764,,-0.29630672579064143,-1.7536932742093585,,-0.175731886425709,-0.364268113574291,,-0.029677098517579145,-0.25032290148242087,,0.08894712091152597,-0.19894712091152597,,-0.039539807022638485,0.3395398070226385,,-0.06317348443785746,0.16317348443785745,,-0.060357650132971626,-0.5596423498670283,,0.3178079406897682,-0.2478079406897682,,-0.07933465674973465,1.4993346567497345,,-0.35168223753472594,-2.961375105465274,,-0.2312724078908377,-1.1325409511091622,,-0.1358327922491489,3.4269843462491485,,-0.09203413438377414,1.122034134383774,,-0.18089784421092672,-2.3772966037890733,,-0.33459339031726115,3.134593390317261,,0.2396556076414716,,,,,,,,,,,,,,,,,,,,,,,,,,,,,,,,,,,,,,,,,,,,,,,,,,,,,,,,,,,,,,,,,,,,,,,,,,,,,,,,,,,,,,,,,,,,,,
2023-04-18,-0.392407374,-0.483130687,-0.29737566,-0.04506731,0.31,4.0,0.01,0.01,0.04,0.64,0.47,0.59,-0.03,0.38,0.69,0.51,0.23,3.078426582,0.78328856,0.782224838,-8.62,2.30348914,-6.45,0.08307253190856904,-0.47547990590856903,,-0.011151950254335588,-0.47197873674566443,,0.31851889786417825,-0.6158945578641782,,0.06916405048477732,-0.11423136048477732,,0.9063736899588911,3.0936263100411088,,0.10361643345419319,-0.0936164334541932,,0.10361643345419319,-0.0936164334541932,,0.09870490174362773,-0.058704901743627726,,-0.23481620315199242,0.8748162031519924,,0.1691481210564814,0.3008518789435186,,0.2720280323800876,0.31797196761991237,,0.21608709192999834,-0.24608709192999834,,0.06795181976532516,0.31204818023467484,,0.17056871583320454,0.5194312841667954,,0.3895282034084153,0.12047179659158469,,0.03292852403270921,0.1970714759672908,,-0.22953715286145088,3.307963734861451,,-0.07914412866217777,0.8624326886621778,,-0.01620490133943603,0.798429739339436,,-0.03137735211790474,-8.588622647882094,,0.10656573835112068,2.1969234016488794,,-0.3774840608774734,-6.0725159391225265,,-0.17857769760731818,,,,,,,,,,,,,,,,,,,,,,,,,,,,,,,,,,,,,,,,,,,,,,,,,,,,,,,,,,,,,,,,,,,,,,,,,,,,,,,,,,,,,,,,,,,,,,
2023-04-19,0.045649594,-0.18485774,0.507046454,0.139626209,-0.09,-6.09,-1.95,-1.95,-2.1,-0.51,0.21,0.08,-0.23,-0.13,0.15,-0.18,-0.68,-3.937544442,-5.613329448,-5.133184215,-2.2,-5.428385315,-4.55,0.10735168347621707,-0.06170208947621707,,0.06794715822885124,-0.2528048982288512,,0.15870748310757668,0.3483389708924234,,0.09703157361186404,0.04259463538813596,,0.22910218260850046,-6.3191021826085,,-0.4708198308661403,-1.4791801691338597,,-0.4708198308661403,-1.4791801691338597,,-0.5090052944629402,-1.59099470553706,,-0.14391725434232563,-0.3660827456576744,,-0.13673683213438098,0.346736832134381,,-0.009634908340776467,0.08963490834077648,,-0.17718506030482756,-0.05281493969517245,,-0.1337794174703404,0.003779417470340385,,-0.1847026164224511,0.3347026164224511,,0.2791893376874197,-0.4591893376874197,,-0.13978406178643518,-0.5402159382135648,,-0.41745266774341255,-3.5200917742565876,,-0.3131876351678084,-5.300141812832192,,-0.20024781043130202,-4.932936404568698,,-0.12469547868078074,-2.0753045213192194,,-0.33568592712895223,-5.092699387871048,,-0.31149841386176225,-4.238501586138238,,-1.6634161491686206,,,,,,,,,,,,,,,,,,,,,,,,,,,,,,,,,,,,,,,,,,,,,,,,,,,,,,,,,,,,,,,,,,,,,,,,,,,,,,,,,,,,,,,,,,,,,,
2023-04-20,-0.154968095,-0.048200514,-0.511907412,-0.183003878,-0.38,1.22,-2.43,-2.43,-2.36,0.53,-0.14,-0.62,-0.33,0.05,-1.1,0.18,-0.09,-3.248722615,-1.671137203,-2.078927847,-4.13,-4.632457501,-6.52,0.1249540683627619,-0.2799221633627619,,0.1252940118791617,-0.1734945258791617,,0.04284420740904055,-0.5547516194090405,,0.11723552787900192,-0.30023940587900194,,-0.2619196602205328,1.481919660220533,,-0.8872861224983822,-1.542713877501618,,-0.8872861224983822,-1.542713877501618,,-0.9495951867127019,-1.410404813287298,,-0.07801551645531718,0.6080155164553172,,-0.3585034231977562,0.21850342319775617,,-0.21384054036340291,-0.40615945963659705,,-0.4623073706750763,0.1323073706750763,,-0.28003456446619795,0.33003456446619794,,-0.4422743323078014,-0.6577256676921988,,0.19919366003969785,-0.019193660039697857,,-0.2650006865053149,0.1750006865053149,,-0.5536914160328348,-2.6950311989671656,,-0.4828691773843906,-1.1882680256156095,,-0.33367891952290485,-1.7452489274770953,,-0.19235112043886582,-3.937648879561134,,-0.6563183846020051,-3.976139116397995,,-0.26365881977537164,-6.256341180224628,,-1.0791006898596558,,,,,,,,,,,,,,,,,,,,,,,,,,,,,,,,,,,,,,,,,,,,,,,,,,,,,,,,,,,,,,,,,,,,,,,,,,,,,,,,,,,,,,,,,,,,,,
2023-04-21,-0.027339834,0.233513165,0.134228188,0.283739542,0.02,-0.71,0.69,0.69,0.75,-1.4,0.51,0.54,0.07,0.15,0.43,-0.33,-1.95,-3.385081838,-5.261776332,0.452652259,2.48,-6.308960516,2.35,0.10067491679511387,-0.12801475079511387,,0.04619490339597486,0.18731826160402515,,0.20265562216564212,-0.06842743416564212,,0.0893680047519152,0.1943715372480848,,0.4153518471298579,-1.1253518471298578,,-0.3128498581780486,1.0028498581780485,,-0.3128498581780486,1.0028498581780485,,-0.341884990506134,1.091884990506134,,-0.168914465264984,-1.231085534735016,,-0.052618470006893826,0.5626184700068938,,0.06782240035746116,0.47217759964253886,,-0.06903521844025043,0.13903521844025044,,-0.07830332723053238,0.22830332723053237,,-0.0870030000521458,0.5170030000521458,,0.3095325257606935,-0.6395325257606935,,-0.09228810068617048,-1.8577118993138295,,-0.3657759011508731,-3.019305936849127,,-0.24882567087875998,-5.01295066112124,,-0.14963601043103886,0.6022882694310389,,-0.09903299387598984,2.5790329938759897,,-0.2140667191219322,-6.094893796878067,,-0.32964446679108284,2.679644466791083,,-0.3599043879801715,,,,,,,,,,,,,,,,,,,,,,,,,,,,,,,,,,,,,,,,,,,,,,,,,,,,,,,,,,,,,,,,,,,,,,,,,,,,,,,,,,,,,,,,,,,,,,
2023-04-24,-0.489707083,-0.30504937,0.09681263,0.05513639,0.13,1.79,1.31,1.31,1.14,0.52,-0.04,-0.11,0.2,-0.02,-0.75,0.1,-0.78,0.506653957,-0.412897618,3.674369847,2.53,4.014459106,1.26,0.09399815011401065,-0.5837052331140107,,0.024442648563098482,-0.32949201856309845,,0.24660376122370756,-0.14979113122370757,,0.08170443589196635,-0.026568045891966353,,0.6016015116512153,1.1883984883487848,,-0.15487988548995688,1.464879885489957,,-0.15487988548995688,1.464879885489957,,-0.17476468654932784,1.3147646865493277,,-0.19391167618764238,0.7139116761876424,,0.03149989212059333,-0.07149989212059332,,0.14527970905569879,-0.2552797090556988,,0.0391146234243267,0.1608853765756733,,-0.022827236990724337,0.0028272369907243362,,0.010696616318159491,-0.7606966163181594,,0.3398757138339673,-0.2398757138339673,,-0.04479213958590577,-0.7352078604140942,,-0.3140991345583336,0.8207530915583336,,-0.18446370658971156,-0.22843391141028846,,-0.09902421043077572,3.773394057430776,,-0.07337050907119894,2.603370509071199,,-0.09244751111491215,4.1069066171149125,,-0.34779051972040337,1.6077905197204034,,0.7201005408446413,,,,,,,,,,,,,,,,,,,,,,,,,,,,,,,,,,,,,,,,,,,,,,,,,,,,,,,,,,,,,,,,,,,,,,,,,,,,,,,,,,,,,,,,,,,,,,
2023-04-25,0.537928519,0.475883207,-0.334796518,0.52495722,-1.32,1.5,-2.37,-2.37,-2.15,0.05,-0.56,0.05,-1.02,-0.27,-1.03,0.09,-0.32,3.1343926,2.066501187,1.832439399,-2.9,2.129712742,-1.43,0.1820100745467348,0.35591844445326526,,0.31117691681465076,0.1647062901853492,,-0.3327126172689731,-0.0020839007310268776,,0.18272420722765573,0.3422330127723443,,-1.853507702493951,3.353507702493951,,-2.2372113436511665,-0.13278865634883363,,-2.2372113436511665,-0.13278865634883363,,-2.3777141477981365,0.2277141477981366,,0.13559701324739987,-0.08559701324739986,,-1.0773330631962827,0.5173330631962827,,-0.8757484510574336,0.9257484510574336,,-1.3864969284269173,0.3664969284269173,,-0.7541029719700121,0.48410297197001206,,-1.2771619631085922,0.24716196310859218,,-0.060102674404641954,0.15010267440464195,,-0.6708752631803042,0.3508752631803042,,-0.9952928760054447,4.129685476005445,,-1.0328714176726226,3.099372604672623,,-0.76617975588879,2.59861915488879,,-0.41164871786162444,-2.4883512821383755,,-1.6956097984801763,3.8253225404801765,,-0.1085925492884505,-1.3214074507115494,,0.7716310786167386,,,,,,,,,,,,,,,,,,,,,,,,,,,,,,,,,,,,,,,,,,,,,,,,,,,,,,,,,,,,,,,,,,,,,,,,,,,,,,,,,,,,,,,,,,,,,,
2023-04-26,-0.760043431,-0.704789364,-0.179157958,-0.085112522,-0.35,-8.24,-3.81,-3.81,-3.59,-0.39,-0.86,-0.48,-0.68,-0.49,-0.54,-0.71,-0.02,1.458204389,0.405146104,-1.85904238,4.92,-2.183618921,1.94,0.1231331319951883,-0.8831765629951883,,0.11936157874292268,-0.8241509427429227,,0.054830063515785676,-0.23398802151578568,,0.11514546364447041,-0.2002579856444704,,-0.2111242971692534,-8.028875702830748,,-0.8442034026743571,-2.965796597325643,,-0.8442034026743571,-2.965796597325643,,-0.9040169219972094,-2.6859830780027902,,-0.0848329376160422,-0.3051670623839578,,-0.33556205170844156,-0.5244379482915584,,-0.1927158198093381,-0.2872841801906619,,-0.4328119592574644,-0.24718804074253564,,-0.264904721673523,-0.22509527832647697,,-0.41562898238862717,-0.12437101761137287,,0.20746907496877254,-0.9174690749687725,,-0.252047242568879,0.23204724256887901,,-0.5395977524166876,1.9978021414166878,,-0.4653159143964683,0.8704620183964683,,-0.3198757013410149,-1.539166678658985,,-0.18535226094665014,5.10535226094665,,-0.6231495096909996,-1.5604694113090003,,-0.26860774330155,2.20860774330155,,-0.6411092170107401,,,,,,,,,,,,,,,,,,,,,,,,,,,,,,,,,,,,,,,,,,,,,,,,,,,,,,,,,,,,,,,,,,,,,,,,,,,,,,,,,,,,,,,,,,,,,,
2023-04-27,0.317690841,0.120279047,0.239306013,-0.059196373,1.3,11.24,0.88,0.88,0.62,0.19,0.23,0.03,1.57,-0.27,0.19,0.15,0.67,3.381346124,1.998392343,0.937464135,4.55,1.480919053,0.25,0.022981631778640155,0.29470920922135985,,-0.20692224375022303,0.32720129075022303,,0.7140521493867671,-0.4747461363867671,,0.00019193074523767006,-0.05938830374523767,,2.5826206706511083,8.657379329348892,,1.525346187647019,-0.6453461876470189,,1.525346187647019,-0.6453461876470189,,1.6027876373548835,-0.9827876373548835,,-0.4597911014559178,0.6497911014559178,,0.9262133802038658,-0.6962133802038658,,0.9691438106642263,-0.9391438106642263,,1.1894356687111927,0.3805643312888074,,0.5672366319235975,-0.8372366319235975,,1.049865263165952,-0.859865263165952,,0.6626168960678795,-0.5126168960678795,,0.4603921739350916,0.20960782606490846,,0.2355537464714042,3.1457923775285956,,0.5001135499392582,1.4982787930607417,,0.43930129866293227,0.49816283633706776,,0.19958501112521332,4.350414988874786,,1.2011386104143011,0.2797804425856989,,-0.5407985372413584,0.7907985372413584,,0.6558995740432686,,,,,,,,,,,,,,,,,,,,,,,,,,,,,,,,,,,,,,,,,,,,,,,,,,,,,,,,,,,,,,,,,,,,,,,,,,,,,,,,,,,,,,,,,,,,,,
2023-04-28,-0.208333333,-0.882212685,1.454789615,-0.158913609,0.72,2.34,1.49,1.49,2.7,0.01,0.1,0.77,0.8,0.5,-0.3,1.4,1.14,-1.030455073,-1.063646565,-2.980162173,-0.69,2.639917334,1.55,0.058186401551729806,-0.26651973455172984,,-0.09222853644960208,-0.789984148550398,,0.4823255979896949,0.972464017010305,,0.04059983927951343,-0.19951344827951345,,1.6005769849930416,0.7394230150069583,,0.6924136043825351,0.7975863956174649,,0.6924136043825351,0.7975863956174649,,0.72160785285536,1.9783921471446402,,-0.3279876256819009,0.3379876256819009,,0.4826801980771154,-0.3826801980771154,,0.5607325466189733,0.2092674533810267,,0.6191910479706949,0.18080895202930514,,0.27472633793188234,0.22527366206811766,,0.5347218313952515,-0.8347218313952516,,0.5026255407724358,0.8973744592275641,,0.2099589244973322,0.9300410755026677,,-0.0369237501074402,-0.9935313228925597,,0.16075046550609362,-1.2243970305060936,,0.17243908047972661,-3.1526012534797268,,0.06427372760904315,-0.7542737276090431,,0.5598736954681953,2.080043638531805,,-0.4451193490685773,1.9951193490685775,,0.16105206775210754,,,,,,,,,,,,,,,,,,,,,,,,,,,,,,,,,,,,,,,,,,,,,,,,,,,,,,,,,,,,,,,,,,,,,,,,,,,,,,,,,,,,,,,,,,,,,,
2023-05-01,0.63810392,0.696278511,1.000073535,0.078136304,-0.08,-3.82,-0.29,-0.29,-1.46,-0.31,0.0,0.0,-0.14,0.0,0.0,0.92,0.0,-4.628430865,-3.736409819,1.307324595,1.26,-3.310162751,-0.06,0.10674470468702588,0.5313592153129741,,0.06596968051677157,0.6303088304832285,,0.16270276847649173,0.8373707665235084,,0.09633488553368688,-0.018198581533686878,,0.2460339702922602,-4.06603397029226,,-0.456458924258132,0.16645892425813202,,-0.456458924258132,0.16645892425813202,,-0.493812539557776,-0.966187460442224,,-0.1461897280625673,-0.1638102719374327,,-0.12908970830460942,0.12908970830460942,,-0.00259333482275486,0.00259333482275486,,-0.1673532564989569,0.027353256498956896,,-0.12873613653944876,0.12873613653944876,,-0.1758208331160597,0.1758208331160597,,0.2819478093304446,0.6380521906695554,,-0.1354662471409566,0.1354662471409566,,-0.4127547798713635,-4.215676085128637,,-0.30733654750516765,-3.429073271494832,,-0.19564673770400537,1.5029713327040055,,-0.12236252551670884,1.382362525516709,,-0.32462963549195045,-2.9855331155080496,,-0.31314805503715504,0.25314805503715504,,-0.4153164761432244,,,,,,,,,,,,,,,,,,,,,,,,,,,,,,,,,,,,,,,,,,,,,,,,,,,,,,,,,,,,,,,,,,,,,,,,,,,,,,,,,,,,,,,,,,,,,,
2023-05-02,-0.245521506,0.160320641,-0.647979614,0.0,-1.08,-4.49,-5.03,-5.03,-5.29,1.56,-1.45,-1.23,-1.08,-1.24,-1.65,0.12,0.0,2.447781029,2.624339668,-1.915741471,-0.14,0.532273395,1.05,0.16744258360614594,-0.41296408960614595,,0.26371745172473865,-0.10339681072473864,,-0.23682576841501224,-0.4111538455849878,,0.1660036933514037,-0.1660036933514037,,-1.4471447980837167,-3.0428552019162836,,-1.892549585058966,-3.1374504149410343,,-1.892549585058966,-3.1374504149410343,,-2.0130880300741962,-3.276911969925804,,0.08105764396159976,1.4789423560384003,,-0.8938020912817654,-0.5561979087182346,,-0.7067506866249151,-0.5232493133750848,,-1.1505336370860217,0.07053363708602167,,-0.6330642296286126,-0.6069357703713874,,-1.0639991637551989,-0.586000836244801,,0.006100645027955431,0.11389935497204456,,-0.5672477116888176,0.5672477116888176,,-0.8825435670762676,3.3303245960762675,,-0.8924453137692443,3.5167849817692445,,-0.6557540104336703,-1.2599874605663297,,-0.3556578419238988,0.2156578419238988,,-1.4302587991921327,1.9625321941921328,,-0.14818393749787717,1.1981839374978773,,-0.2166568690464801,,,,,,,,,,,,,,,,,,,,,,,,,,,,,,,,,,,,,,,,,,,,,,,,,,,,,,,,,,,,,,,,,,,,,,,,,,,,,,,,,,,,,,,,,,,,,,
2023-05-03,-0.470630826,-0.573842353,-0.842737799,0.0,-0.24,-1.99,-3.97,-3.97,-4.27,0.63,0.28,0.56,-0.8,0.2,0.77,0.0,0.0,0.883258537,0.926454961,1.175992253,-2.16,-0.422017087,-1.52,0.11645636531408508,-0.587087191314085,,0.0976093239100463,-0.6714516769100463,,0.0987782025738511,-0.9415160015738511,,0.10748189478452157,-0.10748189478452157,,-0.024874632647896022,-1.9651253673521039,,-0.6862334299862654,-3.283766570013735,,-0.6862334299862654,-3.283766570013735,,-0.7368966180404032,-3.5331033819595965,,-0.10983014853870057,0.7398301485387005,,-0.25144368958095437,0.5314436895809544,,-0.11525851111110047,0.6752585111111005,,-0.3246621173928873,-0.47533788260711274,,-0.20942863143371498,0.409428631433715,,-0.31792936601832195,1.087929366018322,,0.23781226304204633,-0.23781226304204633,,-0.20455128146861434,0.20455128146861434,,-0.48792098582414817,1.3711795228241481,,-0.40095395010741985,1.3274089111074199,,-0.26926390134075173,1.4452561543407518,,-0.15968977614185922,-2.0003102238581407,,-0.5015303016839796,0.0795132146839796,,-0.28675379623087055,-1.2332462037691294,,-0.4749184452768363,,,,,,,,,,,,,,,,,,,,,,,,,,,,,,,,,,,,,,,,,,,,,,,,,,,,,,,,,,,,,,,,,,,,,,,,,,,,,,,,,,,,,,,,,,,,,,
2023-05-04,0.363339086,-0.262321145,-1.1455177,-0.101208721,-0.61,-3.18,0.24,0.24,-0.06,1.03,-0.85,-0.51,-0.86,-1.1,-0.61,0.0,0.82,-0.279283265,-0.672458309,-0.726720555,4.99,-0.810280091,2.31,0.1389145805141595,0.22442450548584048,,0.1707759992569941,-0.4330971442569941,,-0.049047356076005355,-1.0964703439239947,,0.13325935367707678,-0.23446807467707678,,-0.6513507769470074,-2.5286492230529927,,-1.217586974482574,1.457586974482574,,-1.217586974482574,1.457586974482574,,-1.2990285495314786,1.2390285495314786,,-0.025748620889758767,1.0557486208897588,,-0.5343872712825021,-0.3156127287174979,,-0.3757967312778998,-0.1342032687221002,,-0.6884388582101013,-0.17156114178989867,,-0.39603002587670566,-0.7039699741232944,,-0.6465553483548033,0.03655534835480334,,0.13574881225012536,-0.13574881225012536,,-0.3643104233513229,1.1843104233513229,,-0.6617428370899627,0.38245957208996273,,-0.6174441936251283,-0.055014115374871775,,-0.43950359225072777,-0.2872169627492722,,-0.2460090432125195,5.23600904321252,,-0.9106130922530471,0.10033300125304712,,-0.2257170727413378,2.535717072741338,,0.4006249225562319,,,,,,,,,,,,,,,,,,,,,,,,,,,,,,,,,,,,,,,,,,,,,,,,,,,,,,,,,,,,,,,,,,,,,,,,,,,,,,,,,,,,,,,,,,,,,,
2023-05-05,-0.154181027,-0.553359684,0.814892344,0.010131126,1.54,1.71,3.86,3.86,4.05,-1.3,1.26,1.44,1.65,0.98,2.54,0.0,-0.48,2.298754957,5.8454114,1.013855928,-3.93,1.579411093,-4.31,0.008414140838051337,-0.16259516783805134,,-0.2543817088401351,-0.2989779751598649,,0.8099389982407281,0.0049533457592718655,,-0.01652858313101435,0.026659709131014352,,2.9889835750613427,-1.2789835750613427,,1.8700079462392192,1.9899920537607807,,1.8700079462392192,1.9899920537607807,,1.9674137550788244,2.0825862449211754,,-0.5143304707417179,-0.7856695292582822,,1.1097443521183832,0.15025564788161683,,1.1381415750967447,0.3018584249032552,,1.4253989600520882,0.2246010399479117,,0.6882753742649967,0.29172462573500324,,1.2630280625193453,1.2769719374806547,,0.728820215500477,-0.728820215500477,,0.5640197254265782,-1.0440197254265782,,0.3483030554005812,1.9504519015994186,,0.6405396538426364,5.204871746157363,,0.549727044118052,0.46412888388194795,,0.25557588706293893,-4.185575887062939,,1.466489609702345,0.11292148329765506,,-0.5803899254507852,-3.7296100745492144,,0.17535077038004993,,,,,,,,,,,,,,,,,,,,,,,,,,,,,,,,,,,,,,,,,,,,,,,,,,,,,,,,,,,,,,,,,,,,,,,,,,,,,,,,,,,,,,,,,,,,,,
2023-05-08,0.054446461,0.134568194,-0.014831294,0.034731769,0.19,4.73,2.27,2.27,2.55,0.51,0.11,-0.05,-0.17,0.0,0.28,-0.71,1.81,-6.611528245,-7.316152603,-4.362230306,0.19,-9.102746694,0.97,0.09035627737886345,-0.03590981637886345,,0.012577782290620454,0.12199041170937955,,0.2705754734371978,-0.2854067674371978,,0.07752430742290334,-0.042792538422903335,,0.7031922377537739,4.026807762246227,,-0.06871444584190683,2.338714445841907,,-0.06871444584190683,2.338714445841907,,-0.08360815711834263,2.6336081571183425,,-0.2075465185090924,0.7175465185090923,,0.07738263509922269,0.03261736490077731,,0.1875291501638284,-0.23752915016382842,,0.09810544625955059,-0.2681054462595506,,0.007432448594625496,-0.007432448594625496,,0.06398731615650784,0.2160126838434922,,0.3564265436921167,-1.0664265436921165,,-0.01888525171303411,1.828885251713034,,-0.2859118073260394,-6.32561643767396,,-0.14935718061386696,-7.166795422386133,,-0.07141777406699581,-4.290812531933004,,-0.05937279008676754,0.24937279008676755,,-0.026109761292901212,-9.0766369327071,,-0.35768836677276006,1.32768836677276,,-0.5896139016847998,,,,,,,,,,,,,,,,,,,,,,,,,,,,,,,,,,,,,,,,,,,,,,,,,,,,,,,,,,,,,,,,,,,,,,,,,,,,,,,,,,,,,,,,,,,,,,
2023-05-09,0.611704556,0.118877794,0.237335904,0.10994575,-0.43,1.3,0.56,0.56,0.75,0.62,-0.59,0.02,-0.17,-0.18,-0.16,1.01,-1.1,0.228210273,0.1666911,-0.199912358,1.26,0.307005763,0.05,0.1279889623087179,0.48371559369128203,,0.13518140043956006,-0.016303606439560067,,0.022867780564465368,0.21446812343553462,,0.12071896826988776,-0.010773218269887766,,-0.3465785986393316,1.6465785986393318,,-0.9590906555384239,1.5190906555384238,,-0.9590906555384239,1.5190906555384238,,-1.025558961238523,1.775558961238523,,-0.06665314785410884,0.6866531478541088,,-0.39673904234661395,-0.19326095765338602,,-0.24904840795351094,0.2690484079535109,,-0.5114663897044296,0.34146638970442955,,-0.30525096912065613,0.12525096912065614,,-0.48668324883975833,0.3266832488397583,,0.1854013018245734,0.8245986981754266,,-0.28658975973270795,-0.8134102402672921,,-0.57718085539308,0.8053911283930799,,-0.5121246156975945,0.6788157156975945,,-0.35668428315938805,0.15677192515938804,,-0.20401588625922534,1.4640158862592254,,-0.7115998427870143,1.0186056057870143,,-0.2554106138984078,0.3054106138984078,,0.5967030137406361,,,,,,,,,,,,,,,,,,,,,,,,,,,,,,,,,,,,,,,,,,,,,,,,,,,,,,,,,,,,,,,,,,,,,,,,,,,,,,,,,,,,,,,,,,,,,,
2023-05-10,-0.11854824,0.031710798,-0.466148724,0.173407899,0.26,-3.35,-1.33,-1.33,-1.56,-0.18,-0.49,-0.37,-0.09,-0.29,-0.43,-0.41,-1.15,-0.332667275,-0.283499566,0.599335923,-3.57,0.799577192,-1.64,0.08610742585452505,-0.20465566585452505,,-0.0012645616939372384,0.03297535969393724,,0.2985424710196031,-0.7646911950196031,,0.07264749087566316,0.10076040812433684,,0.8217147515400923,-4.171714751540092,,0.03181190041415155,-1.3618119004141516,,0.03181190041415155,-1.3618119004141516,,0.022741127217806745,-1.582741127217807,,-0.22345383455078408,0.04345383455078408,,0.1309125019076236,-0.6209125019076236,,0.23682016478997964,-0.6068201647899796,,0.16692807290064512,-0.2569280729006451,,0.04273541511086698,-0.33273541511086696,,0.12615979930124754,-0.5561597993012475,,0.3757358451932909,-0.7857358451932909,,0.011339450805316162,-1.161339450805316,,-0.2530265922216961,-0.07964068277830388,,-0.10839956697538158,-0.1750999990246184,,-0.03921026497591927,0.6385461879759193,,-0.04304211793826424,-3.5269578820617355,,0.05128428016611156,0.7482929118338885,,-0.3692358550005095,-1.2707641449994904,,-0.784385990779754,,,,,,,,,,,,,,,,,,,,,,,,,,,,,,,,,,,,,,,,,,,,,,,,,,,,,,,,,,,,,,,,,,,,,,,,,,,,,,,,,,,,,,,,,,,,,,
2023-05-11,0.458043239,0.903927686,-0.044603033,0.229367724,-0.27,7.03,-1.87,-1.87,-2.33,-1.02,0.28,-0.39,-0.66,-0.14,-0.61,0.02,-0.29,-1.918767456,-2.431546503,-2.126595345,3.57,-2.122671737,0.58,0.11827730168165869,0.3397659373183413,,0.10354175704628532,0.8003859289537146,,0.08679234646710597,-0.13139537946710597,,0.10957195901905308,0.11979576498094692,,-0.07566999569917537,7.105669995699175,,-0.7293161498102905,-1.1406838501897096,,-0.7293161498102905,-1.1406838501897096,,-0.7824748827558958,-1.5475251172441042,,-0.10301272737797555,-0.9169872726220245,,-0.27438506107026905,0.5543850610702691,,-0.1363832316651653,-0.2536167683348347,,-0.3541575288104992,-0.3058424711895008,,-0.22455847422638991,0.0845584742263899,,-0.3445747159374961,-0.2654252840625039,,0.22953684811297165,-0.20953684811297166,,-0.21750472540505017,-0.07249527459494981,,-0.5020146494402953,-1.4167528065597048,,-0.4185072130953422,-2.0130392899046576,,-0.2830671195226417,-1.8435282254773584,,-0.16668863563407493,3.7366886356340747,,-0.5346991765949851,-1.587972560405015,,-0.28180487270469223,0.8618048727046922,,0.03443498510152053,,,,,,,,,,,,,,,,,,,,,,,,,,,,,,,,,,,,,,,,,,,,,,,,,,,,,,,,,,,,,,,,,,,,,,,,,,,,,,,,,,,,,,,,,,,,,,
2023-05-12,0.552689757,0.296854942,0.870147256,0.136729994,-0.2,3.97,-1.08,-1.08,-1.17,-0.14,0.45,0.5,-0.03,0.31,0.92,0.9,-1.12,-0.864654694,0.657440218,0.208003073,-0.35,2.219656207,-0.97,0.11402845015732029,0.43866130684267973,,0.08969941306172763,0.20715552893827238,,0.11475934404951126,0.7553879119504887,,0.1046951424718129,0.032034851528187094,,0.042852518087142966,3.9271474819128573,,-0.6287898035542321,-0.451210196445768,,-0.6287898035542321,-0.451210196445768,,-0.6761255984197464,-0.49387440158025353,,-0.11892004341966725,-0.021079956580332765,,-0.22085519426186814,0.6708551942618681,,-0.0870922170390141,0.587092217039014,,-0.2853349021694047,0.2553349021694047,,-0.18925550771014843,0.4992555077101484,,-0.2824022327927564,1.2024022327927564,,0.2488461496141459,0.6511538503858542,,-0.1872800228866999,-0.9327199771133002,,-0.469129434335952,-0.39552525966404795,,-0.37754959945685684,1.0349898174568568,,-0.2508596104315651,0.4588626834315651,,-0.15035796348557162,-0.19964203651442836,,-0.4573051351359723,2.6769613421359724,,-0.29335236093244166,-0.6766476390675583,,0.4443356893247486,,,,,,,,,,,,,,,,,,,,,,,,,,,,,,,,,,,,,,,,,,,,,,,,,,,,,,,,,,,,,,,,,,,,,,,,,,,,,,,,,,,,,,,,,,,,,,
2023-05-15,-0.165532463,-0.494970461,0.324412003,-0.079051383,0.36,-2.58,1.43,1.43,1.53,0.19,0.05,0.02,0.14,0.3,-0.37,0.81,1.17,2.278916012,1.092636054,1.976312832,-1.51,-0.037964984,1.11,0.08003763796261304,-0.24557010096261303,,-0.021039338814733938,-0.473931122185266,,0.33849532470875343,-0.014083321708753427,,0.06568061009389148,-0.14473199309389148,,0.9910326283776899,-3.57103262837769,,0.1754209664942349,1.254579033505765,,0.1754209664942349,1.254579033505765,,0.17466867626944876,1.3553313237305513,,-0.2461785717532008,0.4361785717532008,,0.2073837402053392,-0.15738374020533918,,0.3072358999701956,-0.2872358999701956,,0.2652461109593516,-0.12524611095935156,,0.09316822441978334,0.20683177558021665,,0.2149776323651615,-0.5849776323651614,,0.4033205616235398,0.40667943837646026,,0.054517597260102246,1.1154824027398977,,-0.20604771350120568,2.4849637255012054,,-0.049888690348973946,1.1425247443489739,,0.006800462297047227,1.9695123697029528,,-0.019712586297545243,-1.4902874137024549,,0.16184719653612975,-0.19981218053612976,,-0.3857322667544373,1.4957322667544375,,0.2649137518832991,,,,,,,,,,,,,,,,,,,,,,,,,,,,,,,,,,,,,,,,,,,,,,,,,,,,,,,,,,,,,,,,,,,,,,,,,,,,,,,,,,,,,,,,,,,,,,
2023-05-16,0.073624149,0.256122939,0.404203719,0.332278481,-0.61,0.04,-0.43,-0.43,-0.35,-1.48,-0.16,-0.12,-1.01,-0.34,-0.17,0.73,-0.6,-1.306716919,0.021901247,-0.784888351,1.81,1.35001631,2.79,0.1389145805141595,-0.0652904315141595,,0.1707759992569941,0.08534693974300589,,-0.049047356076005355,0.45325107507600537,,0.13325935367707678,0.19901912732292323,,-0.6513507769470074,0.6913507769470074,,-1.217586974482574,0.7875869744825741,,-1.217586974482574,0.7875869744825741,,-1.2990285495314786,0.9490285495314786,,-0.025748620889758767,-1.4542513791102412,,-0.5343872712825021,0.37438727128250204,,-0.3757967312778998,0.2557967312778998,,-0.6884388582101013,-0.3215611417898987,,-0.39603002587670566,0.056030025876705636,,-0.6465553483548033,0.4765553483548033,,0.13574881225012536,0.5942511877498746,,-0.3643104233513229,-0.23568957664867707,,-0.6617428370899627,-0.6449740819100374,,-0.6174441936251283,0.6393454406251282,,-0.43950359225072777,-0.3453847587492722,,-0.2460090432125195,2.0560090432125198,,-0.9106130922530471,2.260629402253047,,-0.2257170727413378,3.015717072741338,,0.48248820778350454,,,,,,,,,,,,,,,,,,,,,,,,,,,,,,,,,,,,,,,,,,,,,,,,,,,,,,,,,,,,,,,,,,,,,,,,,,,,,,,,,,,,,,,,,,,,,,
2023-05-17,0.332409972,0.152304609,0.651441956,0.329744376,0.66,-0.46,2.74,2.74,2.78,-0.38,-0.09,0.34,1.24,-0.36,-0.01,0.84,-0.21,1.312916762,-0.125357186,0.636024478,-3.33,2.632111345,-1.81,0.06182827428687701,0.270581697713123,,-0.08036367017712406,0.23266827917712407,,0.4583538857762046,0.19308807022379537,,0.044779967748576434,0.28496440825142355,,1.4989862588904832,-1.9589862588904832,,0.6062481647344852,2.133751835265515,,0.6062481647344852,2.133751835265515,,0.6304513234243747,2.149548676575625,,-0.3143527833604509,-0.06564721663954909,,0.436797455098486,-0.526797455098486,,0.5184831055108438,-0.17848310551084373,,0.5602002251354711,0.6797997748645289,,0.24446665234653253,-0.6044666523465325,,0.4814311315569032,-0.4914311315569032,,0.48607471091428656,0.3539252890857134,,0.18405203662446054,-0.39405203662446053,,-0.06511107733973442,1.3780278393397345,,0.12564393953024905,-0.25100112553024906,,0.1448326441159467,0.49119183388405324,,0.05027600862461176,-3.380276008624612,,0.4935359456461844,2.1385753993538157,,-0.4352215020162206,-1.3747784979837794,,0.14608888409973037,,,,,,,,,,,,,,,,,,,,,,,,,,,,,,,,,,,,,,,,,,,,,,,,,,,,,,,,,,,,,,,,,,,,,,,,,,,,,,,,,,,,,,,,,,,,,,
2023-05-18,0.501113586,0.410495815,0.71994764,0.534430774,0.68,9.6,-1.43,-1.43,-1.33,-1.25,0.64,1.33,0.34,0.25,0.14,1.6,0.4,-1.641062728,-0.498769519,-0.913392057,0.01,3.73233458,0.09,0.060614316708494605,0.4404992692915054,,-0.08431862560128342,0.49481444060128343,,0.4663444565140347,0.2536031834859653,,0.0433865915922221,0.491044182407778,,1.5328498342580024,8.067150165741998,,0.6349699779505018,-2.0649699779505015,,0.6349699779505018,-2.0649699779505015,,0.6608368332347032,-1.9908368332347033,,-0.31889773080093425,-0.9311022691990658,,0.4520917027580291,0.1879082972419709,,0.5325662525468869,0.7974337474531131,,0.5798638327472123,-0.2398638327472123,,0.25455321420831584,-0.004553214208315837,,0.499194698169686,-0.35919469816968597,,0.49159165420033635,1.1084083457996639,,0.19268766591541778,0.20731233408458224,,-0.05571530159563631,-1.5853474264043639,,0.1373461148555306,-0.6361156338555306,,0.15403478957054,-1.06742684657054,,0.05494191495275555,-0.04494191495275555,,0.5156485289201881,3.2166860510798116,,-0.4385207843670062,0.5285207843670062,,0.21836628074143183,,,,,,,,,,,,,,,,,,,,,,,,,,,,,,,,,,,,,,,,,,,,,,,,,,,,,,,,,,,,,,,,,,,,,,,,,,,,,,,,,,,,,,,,,,,,,,
2023-05-19,-0.397448932,-0.320924262,-0.599277978,-0.419302111,0.09,-0.27,-0.37,-0.37,-0.43,1.18,0.61,0.69,-0.33,0.19,1.05,0.77,-0.42,-0.057186782,-0.05673712,-0.721865904,-0.29,1.134780872,0.18,0.09642606527077546,-0.49387499727077544,,0.03235255941141717,-0.3532768214114172,,0.2306226197480474,-0.8299005977480475,,0.08449118820467502,-0.503793299204675,,0.5338743609161762,-0.8038743609161763,,-0.21232351192199025,-0.15767648807800974,,-0.21232351192199025,-0.15767648807800974,,-0.23553570616998462,-0.19446429383001537,,-0.18482178130667568,1.3648217813066756,,0.0009113968015070917,0.6090886031984929,,0.11711341498361239,0.5728865850163876,,-0.00021259179915589232,-0.3297874082008441,,-0.043000360714290906,0.23300036071429092,,-0.024830516907406064,1.0748305169074062,,0.3288418272618677,0.4411581727381323,,-0.062063398167820215,-0.3579366018321798,,-0.33289068604652977,0.2757039040465298,,-0.20786805724027463,0.15113093724027463,,-0.11742850133996231,-0.6044374026600376,,-0.08270232172748654,-0.20729767827251344,,-0.13667267766291946,1.2714535496629196,,-0.34119195501883226,0.5211919550188322,,0.06914863310669268,,,,,,,,,,,,,,,,,,,,,,,,,,,,,,,,,,,,,,,,,,,,,,,,,,,,,,,,,,,,,,,,,,,,,,,,,,,,,,,,,,,,,,,,,,,,,,
2023-05-22,0.120303535,0.3138833,0.711847171,0.415358264,0.1,-7.16,0.54,0.54,0.61,-0.29,-0.18,-0.32,-0.42,0.18,-0.76,0.9,0.39,0.000371555,0.402896889,0.51987728,2.55,-1.603535892,-0.05,0.09581908648158426,0.024484448518415747,,0.030375081699337492,0.2835082183006625,,0.23461790511696243,0.4772292658830375,,0.08379450012649785,0.3315637638735021,,0.550806148599936,-7.710806148599936,,-0.1979626053139819,0.737962605313982,,-0.1979626053139819,0.737962605313982,,-0.22034295126482042,0.8303429512648204,,-0.18709425502691734,-0.10290574497308264,,0.008558520631278654,-0.18855852063127865,,0.12415498850163398,-0.444154988501634,,0.009619212006714756,-0.4296192120067147,,-0.03795707978339926,0.21795707978339926,,-0.015948733601014675,-0.7440512663989853,,0.3316002989048926,0.5683997010951074,,-0.057745583522341604,0.4477455835223416,,-0.32819279817448077,0.3285643531744808,,-0.20201696957763385,0.6049138585776338,,-0.11282742861266566,0.6327047086126657,,-0.08036936856341464,2.6303693685634144,,-0.12561638602591763,-1.4779195059740824,,-0.34284159619422505,0.29284159619422506,,-0.08870296723154743,,,,,,,,,,,,,,,,,,,,,,,,,,,,,,,,,,,,,,,,,,,,,,,,,,,,,,,,,,,,,,,,,,,,,,,,,,,,,,,,,,,,,,,,,,,,,,
2023-05-23,0.324946616,0.016099171,0.064911648,0.197580702,-1.01,-3.29,1.12,1.12,1.28,-0.22,-1.33,-0.44,-0.69,-0.1,-0.5,-0.42,-1.52,1.068960392,1.522778549,1.104712126,-4.07,0.692880238,-3.05,0.16319373208180754,0.16175288391819248,,0.24987510774018096,-0.23377593674018096,,-0.2088587708326069,0.2737704188326069,,0.16112687680416352,0.03645382519583648,,-1.3286222842973983,-1.9613777157026018,,-1.7920232388029076,2.9120232388029077,,-1.7920232388029076,2.9120232388029077,,-1.9067387457380465,3.1867387457380465,,0.06515032791990805,-0.285150327919908,,-0.8402722244733645,-0.4897277755266356,,-0.6574596719987639,0.21745967199876387,,-1.0817110104449272,0.3917110104449273,,-0.5977612631123712,0.49776126311237123,,-1.001826680610459,0.501826680610459,,0.0254099465291297,-0.4454099465291297,,-0.5370230091704673,-0.9829769908295327,,-0.8496583519719243,1.9186187439719242,,-0.8514877001307588,2.374266249130759,,-0.6235465013425938,1.7282586273425937,,-0.3393271697753955,-3.730672830224605,,-1.3528647577331199,2.04574499573312,,-0.15973142572562662,-2.8902685742743732,,0.36995679526765685,,,,,,,,,,,,,,,,,,,,,,,,,,,,,,,,,,,,,,,,,,,,,,,,,,,,,,,,,,,,,,,,,,,,,,,,,,,,,,,,,,,,,,,,,,,,,,
2023-05-24,0.120840305,0.44469599,0.288309067,0.134770889,-1.0,3.32,1.98,1.98,1.96,-0.59,-1.7,-1.92,-0.77,-1.75,-2.39,-0.89,-1.28,-3.068190591,-2.660307882,-2.510458916,0.19,-2.532202068,0.32,0.16258675329261635,-0.04174644829261635,,0.24789763002810128,0.1967983599718987,,-0.20486348546369187,0.49317255246369185,,0.16043018872598636,-0.02565929972598635,,-1.3116904966136382,4.631690496613638,,-1.7776623321948992,3.757662332194899,,-1.7776623321948992,3.757662332194899,,-1.8915459908328822,3.851545990832882,,0.06287785419966638,-0.6528778541996664,,-0.8326251006435929,-0.8673748993564071,,-0.6504180984807423,-1.2695819015192575,,-1.0718792066390566,0.30187920663905654,,-0.5927179821814796,-1.1572820178185204,,-0.9929448973040675,-1.3970551026959326,,0.028168418172154597,-0.9181684181721546,,-0.5327051945249887,-0.7472948054750114,,-0.8449604640998754,-2.2232301269001247,,-0.845636612468118,-1.814671269531882,,-0.6189454286152971,-1.891513487384703,,-0.3369942166113236,0.5269942166113236,,-1.341808466096118,-1.190393601903882,,-0.16138106690101942,0.48138106690101945,,0.1728153327930529,,,,,,,,,,,,,,,,,,,,,,,,,,,,,,,,,,,,,,,,,,,,,,,,,,,,,,,,,,,,,,,,,,,,,,,,,,,,,,,,,,,,,,,,,,,,,,
2023-05-25,0.307692308,0.348884381,0.481529395,0.269179004,0.29,-3.79,-2.68,-2.68,-3.38,-1.08,-0.33,-0.31,-0.11,-0.74,-0.44,0.39,-0.11,0.415290267,0.41606257,-0.233386361,0.52,0.141728558,0.11,0.08428648948695144,0.22340581851304858,,-0.007196994830176245,0.3560813758301763,,0.31052832712634815,0.17100106787365188,,0.07055742664113165,0.19862157735886835,,0.8725101145913716,-4.662510114591372,,0.0748946202381765,-2.7548946202381766,,0.0748946202381765,-2.7548946202381766,,0.06831939193329933,-3.4483193919332993,,-0.23027125571150908,-0.849728744288491,,0.15385387339693826,-0.4838538733969383,,0.2579448853440444,-0.5679448853440444,,0.19642348431825704,-0.30642348431825706,,0.057865257903541883,-0.7978652579035419,,0.1528051492204217,-0.5928051492204217,,0.3840112601223655,0.005988739877634486,,0.024292894741751975,-0.134292894741752,,-0.23893292860554896,0.654223195605549,,-0.09084630398745933,0.5069088739874593,,-0.02540704679402933,-0.20797931420597066,,-0.036043258446048554,0.5560432584460486,,0.08445315507711701,0.057275402922882995,,-0.3741847785266878,0.4841847785266878,,-0.6521717391581108,,,,,,,,,,,,,,,,,,,,,,,,,,,,,,,,,,,,,,,,,,,,,,,,,,,,,,,,,,,,,,,,,,,,,,,,,,,,,,,,,,,,,,,,,,,,,,
2023-05-26,0.112013442,-0.137741047,0.514984622,-0.204874603,1.11,-5.46,0.9,0.9,1.17,0.21,1.24,1.2,1.0,0.74,1.16,0.37,0.35,0.959337679,1.323228412,0.870110142,5.55,3.395788163,2.32,0.03451422877327297,0.07749921322672704,,-0.16935016722070928,0.031609120220709275,,0.6381417273773815,-0.12315710537738156,,0.013429004230603864,-0.21830360723060385,,2.2609167046596728,-7.720916704659673,,1.2524889620948605,-0.35248896209486047,,1.2524889620948605,-0.35248896209486047,,1.3141252941567638,-0.1441252941567639,,-0.4166141007713261,0.6266141007713261,,0.7809180274382063,0.4590819725617937,,0.8353539138218158,0.36464608617818417,,1.0026313963996505,-0.0026313963996504874,,0.4714142942366563,0.2685857057633437,,0.8811113803445157,0.27888861965548417,,0.6102059348504068,-0.24020593485040675,,0.3783536956709981,-0.028353695670998103,,0.14629387690247247,0.8130438020975275,,0.3889428843490836,0.9342855276509163,,0.35188091684429595,0.5182292251557041,,0.15525890100784728,5.394741098992153,,0.9910690693112666,2.4047190936887337,,-0.5094553549088957,2.8294553549088954,,0.26448760265165006,,,,,,,,,,,,,,,,,,,,,,,,,,,,,,,,,,,,,,,,,,,,,,,,,,,,,,,,,,,,,,,,,,,,,,,,,,,,,,,,,,,,,,,,,,,,,,
2023-05-29,0.0,0.0,0.0,0.0,0.09,-3.53,0.16,0.16,-0.48,0.0,-0.21,-0.2,0.0,0.0,-0.36,1.03,0.28,3.533029561,3.241938829,1.252923325,3.31,4.602450598,-1.12,0.09642606527077546,-0.09642606527077546,-0.09642606527077546,0.03235255941141717,-0.03235255941141717,-0.03235255941141717,0.2306226197480474,-0.2306226197480474,-0.2306226197480474,0.08449118820467502,-0.08449118820467502,-0.08449118820467502,0.5338743609161762,-4.063874360916176,-4.063874360916176,-0.21232351192199025,0.37232351192199026,0.37232351192199026,-0.21232351192199025,0.37232351192199026,0.37232351192199026,-0.23553570616998462,-0.24446429383001536,-0.24446429383001536,-0.18482178130667568,0.18482178130667568,0.18482178130667568,0.0009113968015070917,-0.21091139680150708,-0.21091139680150708,0.11711341498361239,-0.3171134149836124,-0.3171134149836124,-0.00021259179915589232,0.00021259179915589232,0.00021259179915589232,-0.043000360714290906,0.043000360714290906,0.043000360714290906,-0.024830516907406064,-0.3351694830925939,-0.3351694830925939,0.3288418272618677,0.7011581727381323,0.7011581727381323,-0.062063398167820215,0.3420633981678202,0.3420633981678202,-0.33289068604652977,3.86592024704653,3.86592024704653,-0.20786805724027463,3.4498068862402747,3.4498068862402747,-0.11742850133996231,1.3703518263399623,1.3703518263399623,-0.08270232172748654,3.3927023217274868,3.3927023217274868,-0.13667267766291946,4.739123275662919,4.739123275662919,-0.34119195501883226,-0.7788080449811678,-0.7788080449811678,0.5654352026521472,0.5654352026521472,1.0,-0.0376893319676911,0.9701936379398555,-0.0376893319676911,0.9701936379398555,-0.01264540192775974,0.9899972929722651,-0.01264540192775974,0.9899972929722651,-0.09014173139321388,0.9287943024304695,-0.09014173139321388,0.9287943024304695,-0.033024436200403455,0.9738813551457783,-0.033024436200403455,0.9738813551457783,-1.5884160515463759,0.12303684188963704,-1.5884160515463759,0.12303684188963704,0.14552729493627334,0.8853013745880929,0.14552729493627334,0.8853013745880929,0.14552729493627334,0.8853013745880929,0.14552729493627334,0.8853013745880929,-0.09555192258995025,0.9245336827522435,-0.09555192258995025,0.9245336827522435,0.07223990163828123,0.9429069253744802,0.07223990163828123,0.9429069253744802,-0.08243735371239519,0.9348653125230153,-0.08243735371239519,0.9348653125230153,-0.12394773897662992,0.9022117814678952,-0.12394773897662992,0.9022117814678952,8.309415996074586e-05,0.9999342694319346,8.309415996074586e-05,0.9999342694319346,0.016807228057479973,0.986705505578823,0.016807228057479973,0.986705505578823,-0.13100517871638973,0.8966758106180186,-0.13100517871638973,0.8966758106180186,0.2740564292443066,0.7859839450178752,0.2740564292443066,0.7859839450178752,0.13369975152818755,0.8945635237907696,0.13369975152818755,0.8945635237907696,1.5110432137036975,0.1415984502500942,1.5110432137036975,0.1415984502500942,1.3484001093980431,0.18796732368674074,1.3484001093980431,0.18796732368674074,0.5356191269489853,0.5963061049823524,0.5356191269489853,0.5963061049823524,1.3260800771251386,0.1951635097704849,1.3260800771251386,0.1951635097704849,1.8523455236994448,0.07418018471075971,1.8523455236994448,0.07418018471075971,-0.30440685165341785,0.7629917078366655,-0.30440685165341785,0.7629917078366655,4.6132763343051195,6.927363371644901e-05,4.6132763343051195,6.927363371644901e-05
2023-05-30,-0.083939564,-0.491816496,-0.498114282,0.229364293,-0.17,-0.94,-4.58,-4.58,0.0,0.6,-1.29,-0.27,-0.15,-1.38,-0.16,0.39,0.09,0.199457995,0.811210999,0.394804894,-2.02,6.217451572,-0.9,0.11220751378974668,-0.19614707778974666,-0.2925731430605221,0.08376697992548861,-0.5755834759254886,-0.6079360353369058,0.12674520015625637,-0.6248594821562564,-0.8554821019043038,0.10260507823728139,0.12675921476271862,0.0422680265580436,0.09364788113842232,-1.0336478811384222,-5.097522242054598,-0.5857070837302071,-3.994292916269793,-3.621969404347803,-0.5857070837302071,-3.994292916269793,-3.621969404347803,-0.6305473337042538,0.6305473337042538,0.3860830398742384,-0.12573746458039226,0.7257374645803922,0.9105592458870679,-0.19791382277255345,-1.0920861772274466,-1.3029975740289537,-0.06596749648494929,-0.20403250351505073,-0.5211459184986631,-0.25583949075179274,0.10583949075179275,0.10605208255094864,-0.17412566491747353,-1.2058743350825263,-1.1628739743682355,-0.2557568828735822,0.09575688287358222,-0.2394126002190117,0.25712156454322055,0.13287843545677946,0.8340366081949118,-0.17432657895026407,0.26432657895026407,0.6063899771180843,-0.4550357707198049,0.6544937657198049,4.520414012766334,-0.35999633646893453,1.1712073354689345,4.621014221709209,-0.2370563922496752,0.6318612862496752,2.0022131125896374,-0.14335910399335594,-1.876640896006644,1.5160614257208427,-0.42413626022496687,6.641587832224967,11.380711107887887,-0.29830128445862003,-0.60169871554138,-1.3805067605225478,-0.19173457982633557,0.3737006228258116,2.0,-0.07660843463270803,0.9394611415779277,-0.08080052924360435,0.9361556481083104,-0.22480349739581826,0.8237086623383105,-0.16789495060152934,0.8678313341395834,-0.24404904387465556,0.8089111967054401,-0.23626025912433066,0.8148914933860592,0.049507875047989876,0.9608539742723954,0.011673248201275115,0.9907662438552731,-0.40370800843798926,0.6893889784500429,-1.4077932467774512,0.16982199100366668,-1.5600361281341442,0.12959910057583812,-1.0002867717591748,0.3254455855769205,-1.5600361281341442,0.12959910057583812,-1.0002867717591748,0.3254455855769205,0.24627052689864623,0.8072076562373747,0.10662535059605548,0.9158204045567742,0.28344858226952657,0.7788467252346067,0.2514710277426688,0.8032234365785829,-0.4265320363890031,0.6728699038339827,-0.3598515314267688,0.7215656174596439,-0.07968821602958188,0.9370326038129193,-0.14392594476494916,0.8865544571502029,0.04133733624881801,0.96731026206116,0.029288622694019658,0.9768350372736034,-0.4709738539844769,0.6411830156785836,-0.32115330747610743,0.7503973580876697,0.03739940959057292,0.9704228101675421,-0.06611907232128256,0.9477367513832979,0.051897836314945746,0.958965938673132,0.2303376128298592,0.8194465837634892,0.10323704881754384,0.9184854576663586,0.16746797250977621,0.8681642154805189,0.2556231957857982,0.8000462218456539,1.2484120750487633,0.22186537167152198,0.4574340928841013,0.6507677189807204,1.2761950425473212,0.21201310289120823,0.2467837124572621,0.8068142572335311,0.5529553309760256,0.5845317557249583,-0.7329526548690027,0.4694708861165622,0.41869381544264717,0.6785246915014524,2.593980257242417,0.014721301871142733,3.143034494098062,0.003836488427309437,-0.23500322940088053,0.8158577268347207,-0.3812574035598378,0.7057913000847984,-1.5643253116041391,0.12822986800962477,2.1559339436575224,0.03923243239307217
2023-05-31,0.638257931,0.056469829,-0.035757706,0.43507741,-0.89,-2.62,-1.2,-1.2,-1.97,0.37,-1.54,-1.54,-0.41,-1.01,-1.97,-1.41,-0.61,-2.290282796,-2.195306189,-2.231202923,-1.56,-1.349406019,-0.32,0.15590998661151315,0.4823479443884868,0.1897748013279647,0.2261453751952249,-0.1696755461952249,-0.7776115815321307,-0.16091534640562644,0.12515764040562644,-0.7303244614986775,0.15276661986603748,0.28231079013396254,0.32457881669200617,-1.125440832092281,-1.494559167907719,-6.592081409962317,-1.6196923595068076,0.4196923595068076,-3.2022770448409954,-1.6196923595068076,0.4196923595068076,-3.2022770448409954,-1.7244256868760761,-0.24557431312392386,0.14050872675031456,0.03788064327700802,0.332119356722992,1.2426786026100598,-0.7485067385161057,-0.7914932614838943,-2.0944908355128478,-0.5729607897825046,-0.9670392102174954,-1.4881851287161585,-0.9637293647744795,0.5537293647744794,0.6597814473254281,-0.5372418919416715,-0.4727581080583285,-1.635632082426564,-0.8952452809337622,-1.0747547190662377,-1.3141673192852494,0.058511606245428394,-1.4685116062454284,-0.6344749980505167,-0.485209233424724,-0.12479076657527599,0.4815992105428083,-0.7932836975073358,-1.4969990984926642,3.02341491427367,-0.7812746481790698,-1.4140315408209303,3.2069826808882786,-0.568333628615034,-1.6628692943849661,0.3393438182046713,-0.31133173180653273,-1.2486682681934673,0.26739315752737536,-1.220189258089098,-0.12921676091090184,11.251494346976985,-0.17952711983033998,-0.14047288016966003,-1.5209796406922078,-0.46756203301849814,-0.09386141019268651,3.0,0.18343193481593248,0.8557356280855406,0.04166701922459841,0.9670497028101901,-0.06452585543615956,0.948994266703719,-0.17073266044934687,0.8656196237606488,0.04759615626787103,0.9623643719612256,-0.16035028446622182,0.8737168951119385,0.1073598738341041,0.9152427989103069,0.07126463418939873,0.9436763466483842,-0.5683653948474185,0.5741620463831634,-1.4473596121138061,0.15852084242810882,0.15960466386852334,0.8742989557990426,-0.7030930252920683,0.4876042897910857,0.15960466386852334,0.8742989557990426,-0.7030930252920683,0.4876042897910857,-0.09338937155526561,0.9262364632603819,0.030850143315979253,0.9756003941036098,0.12630155658848377,0.900364837955749,0.27284293205749477,0.7869074946172159,-0.3009967017312097,0.7655645886330964,-0.4598671124847541,0.6490408529328304,-0.3677550105411011,0.7157264523891691,-0.3267464275239384,0.7462063445302896,0.21057755076317564,0.8346895612761989,0.1448618365418937,0.8858220701413155,-0.17978501923751283,0.8585717032168132,-0.3591199302854698,0.7221070023748482,-0.4087181045641449,0.6857491509952989,-0.2885390187413071,0.7749865779653065,-0.5584597765307308,0.5808171982560992,-0.1393055440253662,0.8901716580891004,-0.047456637944392255,0.9624746072784953,0.10574008468890236,0.916516611568188,-0.5692932752151486,0.5735405953695405,0.6638219957309736,0.5120476582376505,-0.5377415710817913,0.5948584949401274,0.7041261963257045,0.4869702764831587,-0.6323719952859808,0.5320984252318703,0.07450644288883845,0.9411189926299577,-0.47485562868598485,0.6384466101061603,0.05870893162451406,0.9535866360823295,-0.04913979781666554,0.9611447708941667,2.4703818841087983,0.019619712396331757,-0.05342038356015934,0.9577632734861996,-0.3339468016063009,0.7408226188030218,-3.814748094258286,0.0006336478042328064,-0.44213314540823756,0.6615639392190817
2023-06-01,-0.911458333,-1.116783663,-0.744026327,-0.23347398,1.11,-4.77,2.23,2.23,2.95,0.77,0.55,1.21,0.47,0.59,2.01,0.84,0.0,-0.729652225,0.266560829,0.012109351,3.71,-0.903986503,1.59,0.03451422877327297,-0.9459725617732729,-0.7561977604453083,-0.16935016722070928,-0.9474334957792908,-1.7250450773114214,0.6381417273773815,-1.3821680543773815,-2.112492515876059,0.013429004230603864,-0.24690298423060386,0.0776758324614023,2.2609167046596728,-7.030916704659672,-13.62299811462199,1.2524889620948605,0.9775110379051395,-2.224766006935856,1.2524889620948605,0.9775110379051395,-2.224766006935856,1.3141252941567638,1.6358747058432364,1.7763834325935508,-0.4166141007713261,1.186614100771326,2.429292703381386,0.7809180274382063,-0.23091802743820622,-2.325408862951054,0.8353539138218158,0.3746460861781842,-1.1135390425379743,1.0026313963996505,-0.5326313963996505,0.12715005092577758,0.4714142942366563,0.11858570576334365,-1.5170463766632203,0.8811113803445157,1.1288886196554841,-0.1852786996297653,0.6102059348504068,0.22979406514959322,-0.40468093290092344,0.3783536956709981,-0.3783536956709981,0.10324551487181022,0.14629387690247247,-0.8759461019024726,2.1474688123711974,0.3889428843490836,-0.12238205534908358,3.084600625539195,0.35188091684429595,-0.33977156584429596,-0.0004277476396246649,0.15525890100784728,3.5547410989921526,3.822134256519528,0.9910690693112666,-1.8950555723112665,9.356438774665719,-0.5094553549088957,2.099455354908896,0.5784757142166881,-0.12021956375744076,-0.21408097395012726,4.0,-0.3545126995514172,0.7255197096818353,-0.14169634526590788,0.8882996516047776,-0.3550601992139539,0.7251138589470323,-0.3232389669205486,0.7488336258075314,-0.5179813326430243,0.6084007506825695,-0.3958388725258193,0.6951211691969923,-0.09252936819098911,0.926913724371109,0.01455489840221989,0.988486955047303,-2.63490650999184,0.013367266308883297,-2.552677547298687,0.01621580074524931,0.3663320596101138,0.7167764632743414,-0.41687668060402566,0.6798383808924364,0.3663320596101138,0.7167764632743414,-0.41687668060402566,0.6798383808924364,0.6130604433274922,0.5446148227925787,0.3328587485384638,0.7416353086281202,0.4446955283794422,0.6598411278029395,0.4552008953948434,0.6523544973960398,-0.08653884540662544,0.9316328380273837,-0.4357351401504791,0.6662552231453043,0.14040237608840284,0.8893127537156076,-0.2086549589165849,0.8361762537739563,-0.19960895467149695,0.843179484256293,0.023825378041250893,0.9811550850330337,0.044441181887523946,0.9648573407376628,-0.2842641679413081,0.7782278662323625,0.42306232571559343,0.6753707073428359,-0.0347175249205944,0.9725428537105822,0.08611762927284747,0.9319647538732243,-0.07582911797714346,0.9400757605882268,-0.14179183990933653,0.8882248924766278,0.019346145793684245,0.9846974672859448,-0.32826958179936505,0.7450663822116512,0.40239273137536075,0.6903457848117831,-0.045863901947774635,0.9637331025255549,0.5779925015732027,0.5677306365056016,-0.12733280002590947,0.8995558420033107,-8.015135775493647e-05,0.99993659729782,1.3321748580611787,0.19317770204846352,0.7161915620399605,0.47960106974540784,-0.7101910709552298,0.4832579861254649,1.7532096078856978,0.09013230768716762,0.7867919383002341,0.43778652649757,0.10839478614869395,0.9144290568785545,-0.9808481428134175,0.33451196948916895,-0.8733226071853615,0.3894243995465334
2023-06-02,0.261096606,0.545396214,0.735188122,-0.150844447,1.47,0.65,2.49,2.49,2.34,-1.27,1.87,1.25,2.12,1.56,1.85,1.21,0.79,1.179667923,1.897874252,0.619792792,-0.32,2.987169758,0.19,0.012662992362389741,0.24843361363761027,-0.507764146807698,-0.2405393648555774,0.7859355788555774,-0.939109498455844,0.7819720006583228,-0.046783878658322786,-2.1592763945343814,-0.011651766583774176,-0.13919268041622582,-0.06151684795482351,2.8704610612750243,-2.2204610612750244,-15.843459175897014,1.7694815999831603,0.7205184000168399,-1.5042476069190163,1.7694815999831603,0.7205184000168399,-1.5042476069190163,1.861064470742675,0.47893552925732497,2.2553189618508758,-0.4984231547000262,-0.7715768452999738,1.657715858081412,1.0562144853099822,0.8137855146900179,-1.5116233482610362,1.0888505604705936,0.1611494395294064,-0.9523896030085679,1.3565763334109937,0.7634236665890064,0.890573717514784,0.6529724077487553,0.9070275922512447,-0.6100187844119755,1.2008555793746056,0.6491444206253945,0.46386572099562917,0.7095109139993028,0.5004890860006972,0.09580815309977375,0.5337950229082279,0.25620497709177215,0.35945049196358236,0.31541784029623793,0.864250082703762,3.011718895074959,0.599582040204151,1.298292211795849,4.382892837335044,0.5175195350269752,0.1022732569730248,0.10184550933340014,0.23924521491443562,-0.5592452149144356,3.262889041605092,1.3890955682433321,1.5980741897566677,10.954512964422387,-0.5688424372230356,0.7588424372230356,1.3373181514397237,0.35863812347500407,0.1445571495248768,5.0,0.09037547910990418,0.9286101766918555,-0.0826070828736308,0.9347315224833768,0.28590859122712364,0.7769805431881716,-0.15278175242202754,0.8796284722468606,-0.017019095711150782,0.9865379351878547,-0.35128814271703546,0.7279116530317573,-0.050635680884785726,0.9599629941365004,-0.010008046824647544,0.9920833997954221,-0.8077619985447754,0.42580403790119115,-2.5775391062496125,0.015300228586501818,0.26211105113984234,0.795088737029495,-0.2447228846472311,0.8083943619143921,0.26211105113984234,0.795088737029495,-0.2447228846472311,0.8083943619143921,0.1742277435231636,0.8628970802546747,0.3669131063297473,0.7163476344068407,-0.2806851538448053,0.7809446847044734,0.26969031218607326,0.7893083132689038,0.2960398744192972,0.769309253963633,-0.2459228285190568,0.8074742248625029,0.05862313715328015,0.953654381996065,-0.15494226474700037,0.8779402181414215,0.2777191806760247,0.7831982818120484,0.14488556813303916,0.8858035001919828,0.329959589668019,0.743802230415259,-0.09924267515775617,0.9216284497403313,0.23614653897486784,0.8149788938012752,0.07546534015335782,0.9403626719550342,0.18206852234807006,0.8567956775866232,0.01558682725600139,0.9876707569104246,0.09320255506481737,0.9263835783199152,0.05847824578651965,0.9537687934088552,0.3143979357361093,0.7554696101881435,0.48997022322601913,0.6278413507540077,0.47229430409067613,0.6402516033567989,0.7130436327894151,0.4815175478190239,0.037205088569657915,0.9705764147260794,0.016569032064797564,0.9868939003196702,-0.20344289767301402,0.8402096950846678,0.5308325669740794,0.5995769557186565,0.5813493530030353,0.5654966460954314,1.782166712599772,0.08519646434826011,0.27605261554097854,0.7844654084625091,0.21756548204304446,0.8292912427873826,2.9260590070206,0.006485826702288033,0.5274498827931933,0.6017606269535074
2023-06-05,0.027982464,0.225080386,-0.085861477,0.314851681,-0.11,3.36,0.76,0.76,0.57,0.17,-0.96,-0.54,-0.59,-0.1,-0.78,2.2,0.07,-5.678181277,-5.112496982,-10.63418759,1.95,-3.834215289,5.73,0.10856564105459948,-0.08058317705459948,-0.5883473238622975,0.07190211365301058,0.1531782723469894,-0.7859312261088546,0.1507169123697466,-0.23657838936974662,-2.395854783904128,0.09842494976821838,0.21642673123178163,0.15490988327695812,0.1952386072409809,3.164761392759019,-12.678697783137995,-0.49954164408215707,1.259541644082157,-0.2447059628368593,-0.49954164408215707,1.259541644082157,-0.2447059628368593,-0.5393908042732686,1.1093908042732685,3.364709766124144,-0.13937230690184227,0.30937230690184225,1.9670881649832541,-0.1520310797939241,-0.8079689202060758,-2.3195922684671118,-0.023718055376819668,-0.5162819446231803,-1.4686715476317482,-0.19684866791656885,-0.3931513320834311,0.49742238543135286,-0.1438659793321237,0.04386597933212369,-0.5661528050798519,-0.20246618303523387,-0.5775338169647661,-0.11366809596913696,0.2736723944013699,1.9263276055986303,2.022135758698404,-0.14841969107739242,0.21841969107739242,0.5778701830409748,-0.4268484434875106,-5.25133283351249,-2.2396139384375306,-0.32488981049308996,-4.7876071715069095,-0.40471433417186553,-0.2094499558858953,-10.424737634114104,-10.322892124780704,-0.12936138500892452,2.0793613850089243,5.342250426614017,-0.3577985104029559,-3.476416778597044,7.4780961858253425,-0.30819913151097666,6.038199131510977,7.3755172829507005,-0.3988093368103219,-0.2542521872854451,6.0,-0.03149212799216903,0.9750928155336185,-0.09386761410451017,0.9258598668525475,0.05986249158558561,0.9526757846726579,-0.12539105058007732,0.9010792076875234,-0.09245548749170364,0.9269719087557984,-0.38224559403042935,0.7050662258075513,0.08458016387539549,0.9331763728222737,0.024715028954256854,0.9804515525080384,1.2367974866256968,0.22608495219916547,-2.0228172417656016,0.052398460886827536,0.49223235068067206,0.6262609750829968,-0.03904150483400351,0.9691248330454483,0.49223235068067206,0.6262609750829968,-0.03904150483400351,0.9691248330454483,0.43355298808630177,0.6678211894502892,0.5368211345415067,0.5954860699666322,0.12090355136512108,0.9046012546392868,0.3138382130610548,0.7558903781088997,-0.31575648390710886,0.7544486480542099,-0.37007832466530755,0.7140132703022752,-0.20176440883067798,0.841509568129275,-0.23431855383375028,0.8163841363611166,-0.15364462562544842,0.8789541416912525,0.07936103493443163,0.9372905710840416,0.017142945787469818,0.9864399799590897,-0.0903265994014442,0.9286486794626092,-0.22570180958908007,0.8230164546491252,-0.018135126201275335,0.985655254714644,0.752814144685029,0.4576295699270103,0.3226207571037722,0.7492970183261747,0.0853590180833737,0.932562566413939,0.0921960432965078,0.927176236021269,-2.0522353643416666,0.04927040842965402,-0.3573182173010783,0.7234408943234212,-1.871010095806545,0.07146500582138327,-0.06456996981514254,0.9489594457073012,-4.074016238350389,0.00032710479739250786,-1.6469612677939074,0.11036141595070847,0.8126201680321722,0.4230570242296885,0.8523269863847072,0.4010170652901608,-1.358593271540083,0.18475024381258898,1.1930895553316971,0.24250436346674897,2.3597448852495195,0.02523177409963817,1.1767236495482036,0.24887448242674504,-3.2538081583484706,0.0028180796818002563,-0.8468679535443204,0.40377408344228316
2023-06-06,0.243104254,0.177162184,0.021483816,0.197044335,0.27,0.76,-0.55,-0.55,-0.57,0.34,0.11,0.18,0.03,0.37,0.67,0.9,-1.15,5.436434042,4.019805815,2.911398854,-8.65,5.08227279,-4.22,0.08550044706533384,0.15760380693466614,-0.43074351692763135,-0.0032420394060169097,0.18040422340601692,-0.6055270027028377,0.3025377563885181,-0.2810539403885181,-2.6769087242926464,0.07195080279748599,0.125093532202514,0.28000341547947216,0.838646539223852,-0.07864653922385201,-12.757344322361847,0.04617280702215987,-0.5961728070221599,-0.8408787698590192,0.04617280702215987,-0.5961728070221599,-0.8408787698590192,0.037933882122971,-0.607933882122971,2.756775884001173,-0.22572630827102574,0.5657263082710258,2.53281447325428,0.13855962573739516,-0.028559625737395164,-2.348151894204507,0.24386173830800123,-0.06386173830800124,-1.5325332859397496,0.1767598767065158,-0.1467598767065158,0.35066250872483706,0.047778696041758606,0.3222213039582414,-0.2439315011216105,0.135041582607639,0.534958417392361,0.4212903214232241,0.3784943168363158,0.5215056831636842,2.5436414418620883,0.015657265450794766,-1.1656572654507946,-0.5877870824098198,-0.24832870434964704,5.684762746349647,3.4451488079121164,-0.10254847931274083,4.122354294312741,3.7176399601408754,-0.03460919224862262,2.9460080462486227,-7.376884078532082,-0.04070916477419234,-8.609290835225808,-3.2670404086117912,0.06234057180311339,5.019932218196887,12.498028404022229,-0.3708854961759023,-3.8491145038240973,3.5264027791266033,0.18897030724564248,-0.06528188003980259,7.0,0.061459132425594205,0.9514151840254264,-0.06348767914230811,0.9498137644004507,0.07035037587031852,0.9443976860139063,-0.08924917624717295,0.9294974151066069,-0.10959970876993833,0.9134817562892232,-0.3945520141390545,0.6960603265626357,0.048781435618536304,0.9614278974552419,0.041269958344370784,0.9673635134782974,-0.030668980419851992,0.9757436305716409,-1.8803165949497762,0.07014347675674726,-0.23248336577619716,0.8177955413778697,-0.12393788749084615,0.9022195127003114,-0.23248336577619716,0.8177955413778697,-0.12393788749084615,0.9022195127003114,-0.2370697110310916,0.8142694535810255,0.406323707525758,0.6874877262377233,0.22061045842049257,0.826941571112827,0.37331383128391477,0.7116299765355669,-0.011137102931451445,0.9911903261466581,-0.34609624562661795,0.7317688079759592,-0.024903503969463964,0.9803025092246338,-0.22588147635196257,0.8228780271520948,-0.05723043670517882,0.9547541493946903,0.0516844664313302,0.9591344881806361,0.12565332129652565,0.9008734252357566,-0.03595328604449378,0.9715659519030986,0.208612221088878,0.8362093088947966,0.06209436404999031,0.9509136830819418,0.20336619695705407,0.840269084494073,0.37490962804473255,0.7104555922936007,-0.4545593512845443,0.6528106475873803,-0.08663447324338412,0.9315574855928719,2.216828344640314,0.034633657866784295,0.5077836195291532,0.6154456497746774,1.6075520217884791,0.11876806628724457,0.5479463385532536,0.5879220430229619,1.148824398108082,0.26001605007993467,-1.087285660822915,0.28586521474442783,-3.3572764251306526,0.0022132404411852047,-0.4815320603925617,0.6337522653902021,1.9575712348976764,0.05996573774986014,1.8420957856443523,0.07570863487679858,-1.50099951652733,0.14416612683112895,0.5197597163263811,0.6071760680253457,1.541772146859062,0.1336124323550203,-0.20131227625668896,0.8418131628020875
2023-06-07,-0.065408335,-0.265038953,0.221951743,0.136255092,-0.4,2.96,0.87,0.87,1.1,-1.1,-0.09,-0.2,0.27,-0.05,0.07,-1.82,0.08,-3.357854638,-3.061892023,-8.965917208,1.42,-2.851783215,0.98,0.1261680259411443,-0.19157636094114427,-0.6223198778687756,0.12924896730332103,-0.39428792030332105,-0.9998149230061587,0.03485363667121047,0.18709810632878954,-2.489810617963857,0.11862890403535625,0.01762618796464374,0.29762960344411593,-0.2957832355880524,3.2557832355880523,-9.501561086773794,-0.9160079357143989,1.786007935714399,0.9451291658553798,-0.9160079357143989,1.786007935714399,0.9451291658553798,-0.9799806965230304,2.0799806965230303,4.836756580524203,-0.07347056901483384,-1.0265294309851662,1.5062850422691136,-0.3737976708572993,0.28379767085729934,-2.0643542233472076,-0.22792368739944616,0.027923687399446145,-1.5046095985403034,-0.4819709782868177,0.7519709782868177,1.1026334870116548,-0.29012112632798126,0.24012112632798127,-0.003810374793629223,-0.46003789892058417,0.5300378989205842,0.9513282203438083,0.19367671675364806,-2.0136767167536482,0.5299647251084401,-0.2736363157962721,0.35363631579627214,-0.23415076661354767,-0.5630871917769329,-2.794767446223067,0.6503813616890493,-0.4945713527096722,-2.5673206702903277,1.1503192898505477,-0.34288106497749815,-8.623036143022503,-15.999920221554586,-0.19701702676700963,1.6170170267670096,-1.6500233818447816,-0.6784309678760088,-2.1733522471239914,10.324676156898237,-0.2603595374245861,1.2403595374245862,4.76676231655119,-0.25578084527408457,-0.32106272531388713,8.0,-0.0744733502541071,0.9411450951180707,-0.08553180787556944,0.9324263983915169,-0.1532753949676173,0.8792426820931856,-0.1374148262764028,0.8916525543210108,0.072732474591606,0.9425183392757999,-0.3422002269179363,0.7346679301814043,0.006852000233676638,0.9945798570834261,0.040906291065367424,0.9676509367201958,1.2656524221685683,0.2157118124985895,-1.305897057595336,0.20185208026487755,0.6942923119514538,0.4930238795619504,0.12989880141444787,0.8975433285553602,0.6942923119514538,0.4930238795619504,0.12989880141444787,0.8975433285553602,0.8085712150129543,0.42534571377247943,0.6647650979799262,0.51145285407198,-0.39905281363703377,0.69277776687048,0.20702421282511635,0.8374377523829124,0.11032344094660315,0.9129128258941113,-0.2837253880161055,0.778636670980845,0.010855047782873545,0.9914134282954674,-0.20679393939787233,0.8376159208589882,0.2923210242211591,0.7721224104130875,0.15154623678618315,0.8805941806353497,0.09334463112559234,0.9262716954063135,-0.0005236989149353981,0.9995857347182586,0.20604681026585905,0.8381940541930277,0.13075080109559298,0.8968752583651707,-0.7827962212488571,0.44009267395321805,0.07283849136241516,0.9424347055374991,0.13747249963140729,0.8916073760137639,-0.03218174301694134,0.97454759035112,-1.086437250811388,0.2862339464247625,0.0893885856006177,0.9293875911879548,-0.9980196437277551,0.3265250086492819,0.15810018608437432,0.875473627820442,-3.3521170763361092,0.0022430688805992194,-2.1990332481441515,0.03600234421838655,0.6285988250829706,0.5345318307460545,-0.22677964806373135,0.8221861016388232,-0.8448684500032919,0.4051008447171456,1.4190262095653379,0.16655072566570084,0.48217707977041263,0.6332995547593647,0.6551450679094838,0.5175378755429021,-2.086866390236789,0.045498128262946524,-0.9261290793593919,0.3617697639691484
2023-06-08,-0.723562152,-0.765123137,-0.821545935,-0.249694895,0.54,0.99,-1.29,-1.29,-1.71,1.27,0.27,0.18,0.5,-0.32,0.81,-0.85,0.49,1.613772695,1.61962867,2.182746244,-7.91,2.32140739,2.24,0.06911201975717142,-0.7926741717571714,-1.414994049625947,-0.05663393763216802,-0.708489199367832,-1.7083041223739905,0.4104104613492242,-1.2319563963492242,-3.721767014313081,0.05314022468670245,-0.30283511968670246,-0.0052055162425865276,1.2958048066853658,-0.3058048066853658,-9.80736589345916,0.43391728543838504,-1.723917285438385,-0.7787881195830053,0.43391728543838504,-1.723917285438385,-0.7787881195830053,0.4481382645624044,-2.1581382645624045,2.6786183159617987,-0.2870830987175509,1.557083098717551,3.0633681409866647,0.34503196914122725,-0.07503196914122723,-2.139386192488435,0.43398422329458447,-0.2539842232945845,-1.758593821834888,0.4422185794650233,0.0577814205349767,1.1604149075466315,0.18394728117583287,-0.5039472811758329,-0.5077576559694621,0.37484973188020654,0.4351502681197935,1.3864784884636019,0.45297305119798786,-1.3029730511979878,-0.7730083260895477,0.13223826087871723,0.35776173912128273,0.12361097250773506,-0.12148573180432293,1.735258426804323,2.385639788493372,0.05543088757855985,1.5641977824214401,2.714517072271988,0.08961977138838692,2.093126472611613,-13.906793748942972,0.022280570655748955,-7.932280570655749,-9.582303952500531,0.3608604460021626,1.9605469439978376,12.285223100896074,-0.4154258079115073,2.6554258079115076,7.422188124462697,-0.2999826211141148,-0.6210453464280019,9.0,-0.3067271651263152,0.761242655908779,-0.18251177637097216,0.85645101885593,-0.2741515888715997,0.7859115357872313,-0.22034412090902572,0.8271470270985217,-0.47670847174668274,0.637142294801303,-0.48004888020605707,0.63479379135876,-0.11718277329041818,0.9075230366379428,-0.0006714289834742171,0.9994688747663807,-0.11833190077162936,0.9066205290791798,-1.2649945568382372,0.21594422543995284,-0.6670739134878148,0.5099983134571953,-0.10045130801735702,0.920677292851092,-0.6670739134878148,0.5099983134571953,-0.10045130801735702,0.920677292851092,-0.8350967590787572,0.41049058245814884,0.34549925294402817,0.7322127846263498,0.6025170262290837,0.5515127612337389,0.39512587437206315,0.6956414590367292,-0.029033799773640193,0.977036523030117,-0.27594686665842416,0.7845458320304797,-0.09827980218563508,0.9223862856674441,-0.22683069403927814,0.8221467816605661,0.022358658764391002,0.9823149944129248,0.14967510722725622,0.8820570553907436,-0.19500360480463558,0.8467499100140328,-0.06549267947907286,0.9482311428582983,0.1683824361887097,0.8674513100032861,0.1788337215245009,0.8593118108581632,-0.5041885360588932,0.6179382152176751,-0.09970580638233094,0.9212639656888462,0.13843675994649135,0.8908520795957993,0.015943853740794156,0.987388372001196,0.671462395242884,0.5072398856060958,0.307709672485404,0.7605024281973791,0.6052700700912632,0.5497072542770352,0.3501296227928719,0.7287717143567098,0.8099402908155819,0.42457098710478225,-1.7937556920576965,0.08328649998503534,-3.069414923700995,0.0046211458516076664,-1.2359651381995393,0.22638964375982695,0.758638325374548,0.4541909483940767,1.584598812872018,0.12390328943819529,1.0275233624156281,0.31266872918847644,0.9573444775356607,0.34630697484754647,-2.4475001206105214,0.020454865132280453,-1.6889962432289474,0.10158931877213373
2023-06-09,0.288398921,-0.254392241,0.374558813,0.230631847,0.12,-4.17,-1.54,-1.54,-1.57,-0.02,-0.12,-0.25,0.13,-0.49,-0.41,1.97,0.55,-0.391298132,-0.846039219,-0.417796059,-10.2,2.489001226,-11.08,0.09460512890320186,0.19379379209679812,-1.221200257529149,0.026420126275178153,-0.28081236727517817,-1.9891164896491687,0.2426084758547925,0.13195033714520749,-3.5898166771678737,0.08240112397014351,0.1482307230298565,0.14302520678726996,0.5846697239674555,-4.754669723967456,-14.562035617426616,-0.16924079209796525,-1.3707592079020348,-2.14954732748504,-0.16924079209796525,-1.3707592079020348,-2.14954732748504,-0.18995744145449203,-1.380042558545508,1.2985757574162906,-0.1916392024674007,0.17163920246740072,3.2350073434540656,0.023852768290821766,-0.14385276829082178,-2.283238960779257,0.13823813553767716,-0.38823813553767716,-2.146831957372565,0.029282819618456052,0.10071718038154395,1.2611320879281753,-0.027870517921615982,-0.462129482078384,-0.9698871380478461,0.0018148330117681022,-0.4118148330117681,0.9746636554518338,0.3371172421909424,1.6328827578090577,0.85987443171951,-0.04910995423138439,0.5991099542313845,0.7227209267391195,-0.31879702243038266,-0.07250110956961736,2.313138678923755,-0.19031479425235232,-0.6557244247476477,2.0587926475243403,-0.10362528315807237,-0.31417077584192765,-14.2209645247849,-0.07570346223527084,-10.124296537764728,-19.70660049026526,-0.10350380275191398,2.5925050287519142,14.877728129647988,-0.3461408785450106,-10.733859121454989,-3.3116709969922917,-1.222400058089846,-1.8434454045178479,10.0,0.07572970497163178,0.940154166759072,-0.1509083571304754,0.8810928357948957,-0.10973435988864222,0.9133759026591892,-0.24580268448471843,0.8075663407149445,0.05156284932967679,0.9592305593126231,-0.44360729029575663,0.6606187290711869,0.057924811735845926,0.9542058139660123,0.017674168385931777,0.986019829014821,-1.8580044878514685,0.07334773849996945,-1.7994860858837194,0.08235564244245475,-0.5356579758226625,0.596279592994355,-0.2656277328513654,0.7924051987103145,-0.5356579758226625,0.596279592994355,-0.2656277328513654,0.7924051987103145,-0.5392856740980917,0.5938064041872266,0.16046994172573503,0.8736234926501327,0.06707225254114417,0.9469844779714252,0.3997621524363492,0.6922609774858506,-0.05621401792155979,0.9555568375310077,-0.28214851608747493,0.7798335086658512,-0.1517136289294504,0.8804633319775381,-0.26529218424650025,0.7926611408020054,0.039357722831798406,0.9688748915869361,0.1558428851782522,0.8772366329475452,-0.18058849541995853,0.8579467022736766,-0.11985263981266846,0.9054263586193287,-0.16092680508230933,0.8732668897923237,0.12044289222196562,0.9049629194502169,0.6380892192892257,0.5284225368485136,0.10625795157613212,0.9161093329991521,0.23411699409260997,0.8165391212274555,0.08930937169853316,0.9294499941525887,-0.028331597098221948,0.977591755110528,0.28584333789579963,0.7770300274476165,-0.2562404950723537,0.7995741638066847,0.25441283212535204,0.8009720281455173,-0.12276998095653106,0.9031361293747093,-1.757338634687306,0.08941401857251785,-3.956318628964502,0.00045038935831342997,-2.4352195197122017,0.021265182902320268,1.0130852946351836,0.31939781432216185,1.8384974094434694,0.07625160401836228,-4.1945202458746635,0.0002353524821216979,-0.40923577147282203,0.6853735019574541,-9.973325382976444,4.8687276432701765e-11,-4.756164932039031,4.634324060126538e-05
2023-06-12,0.018609845,0.720634158,0.265518479,0.23010116,0.71,0.53,-3.94,-3.94,-4.35,-0.46,0.52,0.93,0.56,0.11,0.91,0.52,-0.08,-2.049542573,-5.066186041,-11.73477179,-1.0,-2.219762207,0.47,0.05879338034092101,-0.04018353534092101,-1.26138379287007,-0.09025105873752243,0.8108852167375225,-1.1782312729116462,0.4783303126207798,-0.21281183362077982,-3.8026285107886535,0.0412965273576906,0.1888046326423094,0.33182983942957933,1.5836451973092815,-1.0536451973092815,-15.615680814735898,0.6780526977745267,-4.618052697774527,-6.767600025259567,0.6780526977745267,-4.618052697774527,-6.767600025259567,0.7064150979501957,-5.056415097950195,-3.7578393405339043,-0.32571515196165923,-0.1342848480383408,3.1007224954157246,0.47503307424734376,0.04496692575265626,-2.2382720350266005,0.5536909731009517,0.3763090268990483,-1.7705229304735166,0.6093592441648242,-0.04935924416482418,1.211772843763351,0.2696830570009907,-0.15968305700099072,-1.1295701950488368,0.5258400480888601,0.38415995191113994,1.3588236073629738,0.499867069129411,0.02013293087058904,0.880007362590099,0.2056411098518536,-0.2856411098518536,0.4370798168872659,-0.04162163797948926,-2.0079209350205107,0.3052177439032442,0.15489937784345287,-5.221085418843453,-3.1622927713191125,0.16783800775242996,-11.90260979775243,-26.12357432253733,0.06194077444497123,-1.0619407744449711,-20.76854126471023,0.5488174038311935,-2.7685796108311935,12.109148518816795,-0.4434697078931845,0.9134697078931845,-2.398201289099107,-1.6568880665005614,-3.5003334710184095,11.0,-0.015434271312109487,0.9877914193149262,-0.14607937127604628,0.8848694356726441,0.31145647917545255,0.757681681867789,-0.1364495758845047,0.892408736105136,-0.08173983574774572,0.9354151555689794,-0.4403779287416237,0.6629285399081697,0.07251880404402904,0.9426869001675975,0.03842882284400605,0.9696091112850647,-0.40469923076708186,0.6886682528692472,-1.8084336015398668,0.08091994197901653,-1.773768227866372,0.08660378508902045,-0.7837477874107304,0.43954280849429406,-1.773768227866372,0.08660378508902045,-0.7837477874107304,0.43954280849429406,-1.9421407754766566,0.06188911177081424,-0.4351909476913102,0.666645606192878,-0.051578059524755616,0.9592185440220979,0.35909101987207714,0.7221283990944714,0.01727154483172641,0.9863382689147915,-0.2592116479295226,0.7973031597279077,0.14453819379205218,0.8860753268927026,-0.20504217509003259,0.8389715922400902,-0.018958609782269403,0.9850039645118391,0.14033398569642996,0.8893663046982463,-0.06133336961993266,0.9515144733130787,-0.13081419377479803,0.896825553951877,0.1475536902051876,0.8837161203690851,0.15736376141870934,0.8760487217936386,0.00773294621113578,0.9938830152726157,0.10191261610628198,0.9195274479268578,-0.10971315365713989,0.9133925734612165,0.05061769876007753,0.9599771998208866,-0.7712312075441397,0.44680868132368223,0.035346907407325344,0.9720453047170048,-2.005389725280495,0.05433284039639297,-0.366221401001198,0.71685814310863,-4.571725891763535,8.326575038419826e-05,-3.025340371495008,0.0051617186491184075,-0.40788551557543673,0.6863534971594727,-2.4051803007286607,0.02277005019230427,-1.0633959530989274,0.2963774893779938,1.4023462266723696,0.1714264199496065,0.35085860881581815,0.728230488156129,-0.27773286646397166,0.7831878787019024,-13.518228914519778,2.6867397195928788e-14,-8.610724707307883,1.3196845838336912e-09
